recording_id	subject	run	n_components	volume_locked_rms_v	residual_obs_removed_rms_v	complete_volume_count	scanner_block_count	volume_shift_median_samples	volume_shift_p95_absolute_samples
sub-0000_run-1	sub-0000	1	0	5.482031341178906e-05	0.0	688	2	-0.004643714058294191	0.3169192555523314
sub-0000_run-1	sub-0000	1	1	5.3677534594888846e-05	1.3665632050396447e-05	688	2	-0.004643714058294191	0.3169192555523314
sub-0000_run-1	sub-0000	1	2	5.3660633782317525e-05	1.473841664625681e-05	688	2	-0.004643714058294191	0.3169192555523314
sub-0000_run-1	sub-0000	1	3	5.365860987515285e-05	1.5572321167568275e-05	688	2	-0.004643714058294191	0.3169192555523314
sub-0000_run-1	sub-0000	1	4	5.3644905769182385e-05	1.6286009680308048e-05	688	2	-0.004643714058294191	0.3169192555523314
sub-0001_run-1	sub-0001	1	0	2.0212381864602692e-05	0.0	541	1	1.614150645181211e-05	0.004782874169117677
sub-0001_run-1	sub-0001	1	1	2.0212485090714988e-05	7.3204869404141255e-06	541	1	1.614150645181211e-05	0.004782874169117677
sub-0001_run-1	sub-0001	1	2	2.0212556225256015e-05	1.0444731104929554e-05	541	1	1.614150645181211e-05	0.004782874169117677
sub-0001_run-1	sub-0001	1	3	2.02129277636399e-05	1.1947476592758127e-05	541	1	1.614150645181211e-05	0.004782874169117677
sub-0001_run-1	sub-0001	1	4	2.0212717102166485e-05	1.326459035492182e-05	541	1	1.614150645181211e-05	0.004782874169117677
sub-0003_run-1	sub-0003	1	0	2.019913465740348e-05	0.0	511	1	-5.039709715929496e-05	0.0011355595927454824
sub-0003_run-1	sub-0003	1	1	2.0199321328923706e-05	7.343376310150101e-06	511	1	-5.039709715929496e-05	0.0011355595927454824
sub-0003_run-1	sub-0003	1	2	2.0199573162501697e-05	1.0164985824531816e-05	511	1	-5.039709715929496e-05	0.0011355595927454824
sub-0003_run-1	sub-0003	1	3	2.019944125313468e-05	1.1574635510899276e-05	511	1	-5.039709715929496e-05	0.0011355595927454824
sub-0003_run-1	sub-0003	1	4	2.0199704729433675e-05	1.2555386211818129e-05	511	1	-5.039709715929496e-05	0.0011355595927454824
sub-0004_run-1	sub-0004	1	0	1.588377204998562e-05	0.0	532	1	-0.0020789520582233925	0.009520503819207597
sub-0004_run-1	sub-0004	1	1	1.588394572889047e-05	8.528196700080539e-06	532	1	-0.0020789520582233925	0.009520503819207597
sub-0004_run-1	sub-0004	1	2	1.5884006081385703e-05	1.0830286059896456e-05	532	1	-0.0020789520582233925	0.009520503819207597
sub-0004_run-1	sub-0004	1	3	1.588417451085812e-05	1.223453439819968e-05	532	1	-0.0020789520582233925	0.009520503819207597
sub-0004_run-1	sub-0004	1	4	1.5884327477922088e-05	1.326349604984487e-05	532	1	-0.0020789520582233925	0.009520503819207597
sub-0005_run-1	sub-0005	1	0	2.2802525340178697e-05	0.0	544	1	0.004146457177279288	0.07957175567082742
sub-0005_run-1	sub-0005	1	1	2.2788780437646406e-05	8.015740294012332e-06	544	1	0.004146457177279288	0.07957175567082742
sub-0005_run-1	sub-0005	1	2	2.2788344356472657e-05	1.1045440062258955e-05	544	1	0.004146457177279288	0.07957175567082742
sub-0005_run-1	sub-0005	1	3	2.2774680532070813e-05	1.2679676741327766e-05	544	1	0.004146457177279288	0.07957175567082742
sub-0005_run-1	sub-0005	1	4	2.2772941613318643e-05	1.39113345176518e-05	544	1	0.004146457177279288	0.07957175567082742
sub-0006_run-1	sub-0006	1	0	2.809309100515991e-05	0.0	496	1	-0.00025277163735281115	0.010457881680148919
sub-0006_run-1	sub-0006	1	1	2.8093230283082893e-05	5.93374223368061e-06	496	1	-0.00025277163735281115	0.010457881680148919
sub-0006_run-1	sub-0006	1	2	2.8093166560841207e-05	8.198686396010236e-06	496	1	-0.00025277163735281115	0.010457881680148919
sub-0006_run-1	sub-0006	1	3	2.80933346873001e-05	9.38429591406245e-06	496	1	-0.00025277163735281115	0.010457881680148919
sub-0006_run-1	sub-0006	1	4	2.8093505990580785e-05	1.044337633878826e-05	496	1	-0.00025277163735281115	0.010457881680148919
sub-0007_run-1	sub-0007	1	0	3.224722211584881e-05	0.0	558	1	0.00022948732821850734	0.04397623802087606
sub-0007_run-1	sub-0007	1	1	3.2248075077913443e-05	1.0903983611613056e-05	558	1	0.00022948732821850734	0.04397623802087606
sub-0007_run-1	sub-0007	1	2	3.224829193477113e-05	1.4537733131321596e-05	558	1	0.00022948732821850734	0.04397623802087606
sub-0007_run-1	sub-0007	1	3	3.2248382166005825e-05	1.665552763255228e-05	558	1	0.00022948732821850734	0.04397623802087606
sub-0007_run-1	sub-0007	1	4	3.224618686644862e-05	1.7824157710148117e-05	558	1	0.00022948732821850734	0.04397623802087606
sub-0008_run-1	sub-0008	1	0	2.5609047207557665e-05	0.0	549	1	-0.0022226550626538067	0.016233427832983715
sub-0008_run-1	sub-0008	1	1	2.5609059095266273e-05	4.798627766942028e-06	549	1	-0.0022226550626538067	0.016233427832983715
sub-0008_run-1	sub-0008	1	2	2.5609075493760554e-05	6.322951966543225e-06	549	1	-0.0022226550626538067	0.016233427832983715
sub-0008_run-1	sub-0008	1	3	2.560911086677805e-05	7.00100229540937e-06	549	1	-0.0022226550626538067	0.016233427832983715
sub-0008_run-1	sub-0008	1	4	2.560913964152083e-05	7.43730288640271e-06	549	1	-0.0022226550626538067	0.016233427832983715
sub-0009_run-1	sub-0009	1	0	2.1133247879346517e-05	0.0	570	1	0.00022692375532556264	0.002060369719662129
sub-0009_run-1	sub-0009	1	1	2.11333460865758e-05	7.461226808344889e-06	570	1	0.00022692375532556264	0.002060369719662129
sub-0009_run-1	sub-0009	1	2	2.1133354974344744e-05	9.56135094999357e-06	570	1	0.00022692375532556264	0.002060369719662129
sub-0009_run-1	sub-0009	1	3	2.113344420139064e-05	1.118137081141598e-05	570	1	0.00022692375532556264	0.002060369719662129
sub-0009_run-1	sub-0009	1	4	2.1133775836377313e-05	1.2231424288800034e-05	570	1	0.00022692375532556264	0.002060369719662129
sub-0010_run-1	sub-0010	1	0	1.471385904114707e-05	0.0	548	1	-0.0008502574819730499	0.010536212414977321
sub-0010_run-1	sub-0010	1	1	1.4715258625112658e-05	8.020308553152012e-06	548	1	-0.0008502574819730499	0.010536212414977321
sub-0010_run-1	sub-0010	1	2	1.4714498650317173e-05	1.111255694501807e-05	548	1	-0.0008502574819730499	0.010536212414977321
sub-0010_run-1	sub-0010	1	3	1.4715211217511101e-05	1.2664289709656468e-05	548	1	-0.0008502574819730499	0.010536212414977321
sub-0010_run-1	sub-0010	1	4	1.4715445258523733e-05	1.4061378163694191e-05	548	1	-0.0008502574819730499	0.010536212414977321
sub-0011_run-1	sub-0011	1	0	2.252905151429698e-05	0.0	548	1	-0.00028235884270347213	0.0071214861535172525
sub-0011_run-1	sub-0011	1	1	2.2529139629868713e-05	5.2041518126465235e-06	548	1	-0.00028235884270347213	0.0071214861535172525
sub-0011_run-1	sub-0011	1	2	2.252923990658753e-05	7.1066691884460904e-06	548	1	-0.00028235884270347213	0.0071214861535172525
sub-0011_run-1	sub-0011	1	3	2.2529309790025234e-05	8.381617379218615e-06	548	1	-0.00028235884270347213	0.0071214861535172525
sub-0011_run-1	sub-0011	1	4	2.252925592791255e-05	9.458273940583994e-06	548	1	-0.00028235884270347213	0.0071214861535172525
sub-0012_run-1	sub-0012	1	0	5.8307356161356087e-05	0.0	547	1	-1.627862261604213e-05	0.06211955534249368
sub-0012_run-1	sub-0012	1	1	5.83075916395822e-05	2.2613619388927536e-05	547	1	-1.627862261604213e-05	0.06211955534249368
sub-0012_run-1	sub-0012	1	2	5.830765377304286e-05	2.3933641016429826e-05	547	1	-1.627862261604213e-05	0.06211955534249368
sub-0012_run-1	sub-0012	1	3	5.8306315385923067e-05	2.4796646366617372e-05	547	1	-1.627862261604213e-05	0.06211955534249368
sub-0012_run-1	sub-0012	1	4	5.8306390442009575e-05	2.559854879209447e-05	547	1	-1.627862261604213e-05	0.06211955534249368
sub-0013_run-1	sub-0013	1	0	2.0196238630776212e-05	0.0	550	1	-0.0011825161926756096	0.00649802994603783
sub-0013_run-1	sub-0013	1	1	2.019645587691658e-05	1.0949550308698633e-05	550	1	-0.0011825161926756096	0.00649802994603783
sub-0013_run-1	sub-0013	1	2	2.0196773005724e-05	1.4217944589748221e-05	550	1	-0.0011825161926756096	0.00649802994603783
sub-0013_run-1	sub-0013	1	3	2.019666351081416e-05	1.6387969536335514e-05	550	1	-0.0011825161926756096	0.00649802994603783
sub-0013_run-1	sub-0013	1	4	2.0196737607051854e-05	1.8135032655593926e-05	550	1	-0.0011825161926756096	0.00649802994603783
sub-0014_run-1	sub-0014	1	0	3.811867632088273e-05	0.0	554	1	0.0009246214357744608	0.047306732349438066
sub-0014_run-1	sub-0014	1	1	3.8118775608200126e-05	1.0901067809792784e-05	554	1	0.0009246214357744608	0.047306732349438066
sub-0014_run-1	sub-0014	1	2	3.811886842674756e-05	1.4036046569019619e-05	554	1	0.0009246214357744608	0.047306732349438066
sub-0014_run-1	sub-0014	1	3	3.8118901910664815e-05	1.6151842841354498e-05	554	1	0.0009246214357744608	0.047306732349438066
sub-0014_run-1	sub-0014	1	4	3.8118884623624736e-05	1.76599980526975e-05	554	1	0.0009246214357744608	0.047306732349438066
sub-0015_run-1	sub-0015	1	0	3.0183717638828793e-05	0.0	553	1	-4.9329009820488445e-05	0.0011955504047887584
sub-0015_run-1	sub-0015	1	1	3.0183739650229674e-05	8.180361159141306e-06	553	1	-4.9329009820488445e-05	0.0011955504047887584
sub-0015_run-1	sub-0015	1	2	3.0183749172842996e-05	1.050462570539178e-05	553	1	-4.9329009820488445e-05	0.0011955504047887584
sub-0015_run-1	sub-0015	1	3	3.0183724357137466e-05	1.2003511618824771e-05	553	1	-4.9329009820488445e-05	0.0011955504047887584
sub-0015_run-1	sub-0015	1	4	3.0183727906607384e-05	1.2820722112223506e-05	553	1	-4.9329009820488445e-05	0.0011955504047887584
